"name","key","value"
"BMS","RDT_COMPILE_VIGNETTE","true"
"BMS","R_COMPILE_PKGS","1"
"BMS","R_DISABLE_BYTECODE","0"
"BMS","R_ENABLE_JIT","0"
"BMS","R_KEEP_PKG_SOURCE","yes"
"car","RDT_COMPILE_VIGNETTE","true"
"car","RDT_TRACE_START_DATE","Mon Aug 21 19:18:48 2017"
"car","RDT_TRACE_START_TIME","1503335928"
"car","R_COMPILE_PKGS","1"
"car","R_DISABLE_BYTECODE","0"
"car","R_ENABLE_JIT","0"
"car","R_KEEP_PKG_SOURCE","yes"
"car","RDT_TRACE_END_DATE","Mon Aug 21 19:31:12 2017"
"car","RDT_TRACE_END_TIME","1503336672"
"caschrono","RDT_COMPILE_VIGNETTE","true"
"caschrono","R_COMPILE_PKGS","1"
"caschrono","R_DISABLE_BYTECODE","0"
"caschrono","R_ENABLE_JIT","0"
"caschrono","R_KEEP_PKG_SOURCE","yes"
"catdata","RDT_COMPILE_VIGNETTE","true"
"catdata","R_COMPILE_PKGS","1"
"catdata","R_DISABLE_BYTECODE","0"
"catdata","R_ENABLE_JIT","0"
"catdata","R_KEEP_PKG_SOURCE","yes"
"cellranger","RDT_COMPILE_VIGNETTE","true"
"cellranger","RDT_TRACE_START_DATE","Tue Aug 22 01:27:29 2017"
"cellranger","RDT_TRACE_START_TIME","1503358049"
"cellranger","R_COMPILE_PKGS","1"
"cellranger","R_DISABLE_BYTECODE","0"
"cellranger","R_ENABLE_JIT","0"
"cellranger","R_KEEP_PKG_SOURCE","yes"
"cellranger","RDT_TRACE_END_DATE","Tue Aug 22 01:27:30 2017"
"cellranger","RDT_TRACE_END_TIME","1503358050"
"checkmate","RDT_COMPILE_VIGNETTE","true"
"checkmate","RDT_TRACE_START_DATE","Mon Aug 21 20:29:46 2017"
"checkmate","RDT_TRACE_START_TIME","1503340186"
"checkmate","R_COMPILE_PKGS","1"
"checkmate","R_DISABLE_BYTECODE","0"
"checkmate","R_ENABLE_JIT","0"
"checkmate","R_KEEP_PKG_SOURCE","yes"
"checkmate","RDT_TRACE_END_DATE","Mon Aug 21 20:35:36 2017"
"checkmate","RDT_TRACE_END_TIME","1503340536"
"colorspace","RDT_COMPILE_VIGNETTE","true"
"colorspace","RDT_TRACE_START_DATE","Mon Aug 21 19:10:42 2017"
"colorspace","RDT_TRACE_START_TIME","1503335442"
"colorspace","R_COMPILE_PKGS","1"
"colorspace","R_DISABLE_BYTECODE","0"
"colorspace","R_ENABLE_JIT","0"
"colorspace","R_KEEP_PKG_SOURCE","yes"
"colorspace","RDT_TRACE_END_DATE","Mon Aug 21 19:14:43 2017"
"colorspace","RDT_TRACE_END_TIME","1503335683"
"copula","RDT_COMPILE_VIGNETTE","true"
"copula","R_COMPILE_PKGS","1"
"copula","R_DISABLE_BYTECODE","0"
"copula","R_ENABLE_JIT","0"
"copula","R_KEEP_PKG_SOURCE","yes"
"curl","RDT_COMPILE_VIGNETTE","true"
"curl","RDT_TRACE_START_DATE","Mon Aug 21 19:01:08 2017"
"curl","RDT_TRACE_START_TIME","1503334868"
"curl","R_COMPILE_PKGS","1"
"curl","R_DISABLE_BYTECODE","0"
"curl","R_ENABLE_JIT","0"
"curl","R_KEEP_PKG_SOURCE","yes"
"curl","RDT_TRACE_END_DATE","Mon Aug 21 19:01:20 2017"
"curl","RDT_TRACE_END_TIME","1503334880"
"data","RDT_COMPILE_VIGNETTE","true"
"data","RDT_TRACE_START_DATE","Mon Aug 21 19:16:08 2017"
"data","RDT_TRACE_START_TIME","1503335768"
"data","R_COMPILE_PKGS","1"
"data","R_DISABLE_BYTECODE","0"
"data","R_ENABLE_JIT","0"
"data","R_KEEP_PKG_SOURCE","yes"
"data","RDT_TRACE_END_DATE","Mon Aug 21 19:16:30 2017"
"data","RDT_TRACE_END_TIME","1503335790"
"data","RDT_TRACE_START_DATE","Mon Aug 21 19:16:31 2017"
"data","RDT_TRACE_START_TIME","1503335791"
"data","RDT_TRACE_END_DATE","Mon Aug 21 19:16:52 2017"
"data","RDT_TRACE_END_TIME","1503335812"
"data","RDT_TRACE_START_DATE","Mon Aug 21 19:16:53 2017"
"data","RDT_TRACE_START_TIME","1503335813"
"data","RDT_TRACE_END_DATE","Mon Aug 21 19:16:53 2017"
"data","RDT_TRACE_END_TIME","1503335813"
"data","RDT_TRACE_END_DATE","Mon Aug 21 19:16:54 2017"
"data","RDT_TRACE_END_TIME","1503335814"
"data","RDT_TRACE_START_DATE","Mon Aug 21 19:16:54 2017"
"data","RDT_TRACE_START_TIME","1503335814"
"data","RDT_TRACE_END_DATE","Mon Aug 21 19:16:55 2017"
"data","RDT_TRACE_END_TIME","1503335815"
"data","RDT_TRACE_START_DATE","Mon Aug 21 19:16:55 2017"
"data","RDT_TRACE_START_TIME","1503335815"
"DBI","RDT_COMPILE_VIGNETTE","true"
"DBI","RDT_TRACE_START_DATE","Mon Aug 21 19:09:24 2017"
"DBI","RDT_TRACE_START_TIME","1503335364"
"DBI","R_COMPILE_PKGS","1"
"DBI","R_DISABLE_BYTECODE","0"
"DBI","R_ENABLE_JIT","0"
"DBI","R_KEEP_PKG_SOURCE","yes"
"DBI","RDT_TRACE_END_DATE","Mon Aug 21 19:09:25 2017"
"DBI","RDT_TRACE_END_TIME","1503335365"
"DBI","RDT_TRACE_START_DATE","Mon Aug 21 19:09:25 2017"
"DBI","RDT_TRACE_START_TIME","1503335365"
"DBI","RDT_TRACE_END_DATE","Mon Aug 21 19:09:31 2017"
"DBI","RDT_TRACE_END_TIME","1503335371"
"DBI","RDT_TRACE_START_DATE","Mon Aug 21 19:09:32 2017"
"DBI","RDT_TRACE_START_TIME","1503335372"
"DBI","RDT_TRACE_END_DATE","Mon Aug 21 19:10:10 2017"
"DBI","RDT_TRACE_END_TIME","1503335410"
"digest","RDT_COMPILE_VIGNETTE","true"
"digest","RDT_TRACE_START_DATE","Mon Aug 21 19:08:11 2017"
"digest","RDT_TRACE_START_TIME","1503335291"
"digest","R_COMPILE_PKGS","1"
"digest","R_DISABLE_BYTECODE","0"
"digest","R_ENABLE_JIT","0"
"digest","R_KEEP_PKG_SOURCE","yes"
"digest","RDT_TRACE_END_DATE","Mon Aug 21 19:08:35 2017"
"digest","RDT_TRACE_END_TIME","1503335315"
"dplyr","RDT_COMPILE_VIGNETTE","true"
"dplyr","RDT_TRACE_START_DATE","Mon Aug 21 19:03:00 2017"
"dplyr","RDT_TRACE_START_TIME","1503334980"
"dplyr","R_COMPILE_PKGS","1"
"dplyr","R_DISABLE_BYTECODE","0"
"dplyr","R_ENABLE_JIT","0"
"dplyr","R_KEEP_PKG_SOURCE","yes"
"dplyr","RDT_TRACE_END_DATE","Mon Aug 21 19:03:12 2017"
"dplyr","RDT_TRACE_END_TIME","1503334992"
"dplyr","RDT_TRACE_START_DATE","Mon Aug 21 19:03:13 2017"
"dplyr","RDT_TRACE_START_TIME","1503334993"
"dplyr","RDT_TRACE_END_DATE","Mon Aug 21 19:04:50 2017"
"dplyr","RDT_TRACE_END_TIME","1503335090"
"dplyr","RDT_TRACE_START_DATE","Mon Aug 21 19:04:51 2017"
"dplyr","RDT_TRACE_START_TIME","1503335091"
"dplyr","RDT_TRACE_END_DATE","Mon Aug 21 19:04:54 2017"
"dplyr","RDT_TRACE_END_TIME","1503335094"
"dplyr","RDT_TRACE_START_DATE","Mon Aug 21 19:04:55 2017"
"dplyr","RDT_TRACE_START_TIME","1503335095"
"dplyr","RDT_TRACE_END_DATE","Mon Aug 21 19:05:51 2017"
"dplyr","RDT_TRACE_END_TIME","1503335151"
"dplyr","RDT_TRACE_START_DATE","Mon Aug 21 19:05:51 2017"
"dplyr","RDT_TRACE_START_TIME","1503335151"
"dplyr","RDT_TRACE_END_DATE","Mon Aug 21 19:07:40 2017"
"dplyr","RDT_TRACE_END_TIME","1503335260"
"foreach","RDT_COMPILE_VIGNETTE","true"
"foreach","RDT_TRACE_START_DATE","Mon Aug 21 20:45:34 2017"
"foreach","RDT_TRACE_START_TIME","1503341134"
"foreach","R_COMPILE_PKGS","1"
"foreach","R_DISABLE_BYTECODE","0"
"foreach","R_ENABLE_JIT","0"
"foreach","R_KEEP_PKG_SOURCE","yes"
"foreach","RDT_TRACE_END_DATE","Mon Aug 21 20:50:51 2017"
"foreach","RDT_TRACE_END_TIME","1503341451"
"foreach","RDT_TRACE_START_DATE","Mon Aug 21 20:50:52 2017"
"foreach","RDT_TRACE_START_TIME","1503341452"
"foreach","RDT_TRACE_END_DATE","Mon Aug 21 20:51:08 2017"
"foreach","RDT_TRACE_END_TIME","1503341468"
"forecast","RDT_COMPILE_VIGNETTE","true"
"forecast","RDT_TRACE_START_DATE","Tue Aug 22 01:27:48 2017"
"forecast","RDT_TRACE_START_TIME","1503358068"
"forecast","R_COMPILE_PKGS","1"
"forecast","R_DISABLE_BYTECODE","0"
"forecast","R_ENABLE_JIT","0"
"forecast","R_KEEP_PKG_SOURCE","yes"
"forecast","RDT_TRACE_END_DATE","Tue Aug 22 01:32:53 2017"
"forecast","RDT_TRACE_END_TIME","1503358373"
"Formula","RDT_COMPILE_VIGNETTE","true"
"Formula","RDT_TRACE_START_DATE","Mon Aug 21 22:55:35 2017"
"Formula","RDT_TRACE_START_TIME","1503348935"
"Formula","R_COMPILE_PKGS","1"
"Formula","R_DISABLE_BYTECODE","0"
"Formula","R_ENABLE_JIT","0"
"Formula","R_KEEP_PKG_SOURCE","yes"
"Formula","RDT_TRACE_END_DATE","Mon Aug 21 22:55:45 2017"
"Formula","RDT_TRACE_END_TIME","1503348945"
"gamclass","RDT_COMPILE_VIGNETTE","true"
"gamclass","R_COMPILE_PKGS","1"
"gamclass","R_DISABLE_BYTECODE","0"
"gamclass","R_ENABLE_JIT","0"
"gamclass","R_KEEP_PKG_SOURCE","yes"
"gdata","RDT_COMPILE_VIGNETTE","true"
"gdata","RDT_TRACE_START_DATE","Mon Aug 21 21:18:01 2017"
"gdata","RDT_TRACE_START_TIME","1503343081"
"gdata","R_COMPILE_PKGS","1"
"gdata","R_DISABLE_BYTECODE","0"
"gdata","R_ENABLE_JIT","0"
"gdata","R_KEEP_PKG_SOURCE","yes"
"gdata","RDT_TRACE_END_DATE","Mon Aug 21 21:18:08 2017"
"gdata","RDT_TRACE_END_TIME","1503343088"
"gdata","RDT_TRACE_START_DATE","Mon Aug 21 21:18:08 2017"
"gdata","RDT_TRACE_START_TIME","1503343088"
"gdata","RDT_TRACE_END_DATE","Mon Aug 21 21:18:10 2017"
"gdata","RDT_TRACE_END_TIME","1503343090"
"ggplot2","RDT_COMPILE_VIGNETTE","true"
"ggplot2","RDT_TRACE_START_DATE","Mon Aug 21 19:01:56 2017"
"ggplot2","RDT_TRACE_START_TIME","1503334916"
"ggplot2","R_COMPILE_PKGS","1"
"ggplot2","R_DISABLE_BYTECODE","0"
"ggplot2","R_ENABLE_JIT","0"
"ggplot2","R_KEEP_PKG_SOURCE","yes"
"ggplot2","RDT_TRACE_END_DATE","Mon Aug 21 19:02:32 2017"
"ggplot2","RDT_TRACE_END_TIME","1503334952"
"ggplot2","RDT_TRACE_START_DATE","Mon Aug 21 19:02:35 2017"
"ggplot2","RDT_TRACE_START_TIME","1503334955"
"ggplot2","RDT_TRACE_END_DATE","Mon Aug 21 19:02:53 2017"
"ggplot2","RDT_TRACE_END_TIME","1503334973"
"gridExtra","RDT_COMPILE_VIGNETTE","true"
"gridExtra","RDT_TRACE_START_DATE","Mon Aug 21 19:55:51 2017"
"gridExtra","RDT_TRACE_START_TIME","1503338151"
"gridExtra","R_COMPILE_PKGS","1"
"gridExtra","R_DISABLE_BYTECODE","0"
"gridExtra","R_ENABLE_JIT","0"
"gridExtra","R_KEEP_PKG_SOURCE","yes"
"gridExtra","RDT_TRACE_END_DATE","Mon Aug 21 20:00:30 2017"
"gridExtra","RDT_TRACE_END_TIME","1503338430"
"gridExtra","RDT_TRACE_START_DATE","Mon Aug 21 20:00:31 2017"
"gridExtra","RDT_TRACE_START_TIME","1503338431"
"gridExtra","RDT_TRACE_END_DATE","Mon Aug 21 20:00:43 2017"
"gridExtra","RDT_TRACE_END_TIME","1503338443"
"gridExtra","RDT_TRACE_START_DATE","Mon Aug 21 20:00:43 2017"
"gridExtra","RDT_TRACE_START_TIME","1503338443"
"gridExtra","RDT_TRACE_END_DATE","Mon Aug 21 20:06:53 2017"
"gridExtra","RDT_TRACE_END_TIME","1503338813"
"grid","RDT_COMPILE_VIGNETTE","true"
"grid","R_COMPILE_PKGS","1"
"grid","R_DISABLE_BYTECODE","0"
"grid","R_ENABLE_JIT","0"
"grid","R_KEEP_PKG_SOURCE","yes"
"highr","RDT_COMPILE_VIGNETTE","true"
"highr","RDT_TRACE_START_DATE","Mon Aug 21 19:18:36 2017"
"highr","RDT_TRACE_START_TIME","1503335916"
"highr","R_COMPILE_PKGS","1"
"highr","R_DISABLE_BYTECODE","0"
"highr","R_ENABLE_JIT","0"
"highr","R_KEEP_PKG_SOURCE","yes"
"highr","RDT_TRACE_END_DATE","Mon Aug 21 19:18:42 2017"
"highr","RDT_TRACE_END_TIME","1503335922"
"highr","RDT_TRACE_START_DATE","Mon Aug 21 19:18:42 2017"
"highr","RDT_TRACE_START_TIME","1503335922"
"highr","RDT_TRACE_END_DATE","Mon Aug 21 19:18:43 2017"
"highr","RDT_TRACE_END_TIME","1503335923"
"htmlwidgets","RDT_COMPILE_VIGNETTE","true"
"htmlwidgets","RDT_TRACE_START_DATE","Mon Aug 21 19:18:18 2017"
"htmlwidgets","RDT_TRACE_START_TIME","1503335898"
"htmlwidgets","R_COMPILE_PKGS","1"
"htmlwidgets","R_DISABLE_BYTECODE","0"
"htmlwidgets","R_ENABLE_JIT","0"
"htmlwidgets","R_KEEP_PKG_SOURCE","yes"
"htmlwidgets","RDT_TRACE_END_DATE","Mon Aug 21 19:18:29 2017"
"htmlwidgets","RDT_TRACE_END_TIME","1503335909"
"htmlwidgets","RDT_TRACE_START_DATE","Mon Aug 21 19:18:30 2017"
"htmlwidgets","RDT_TRACE_START_TIME","1503335910"
"htmlwidgets","RDT_TRACE_END_DATE","Mon Aug 21 19:18:30 2017"
"htmlwidgets","RDT_TRACE_END_TIME","1503335910"
"htmlwidgets","RDT_TRACE_END_DATE","Mon Aug 21 19:18:31 2017"
"htmlwidgets","RDT_TRACE_END_TIME","1503335911"
"iterators","RDT_COMPILE_VIGNETTE","true"
"iterators","RDT_TRACE_START_DATE","Mon Aug 21 20:28:23 2017"
"iterators","RDT_TRACE_START_TIME","1503340103"
"iterators","R_COMPILE_PKGS","1"
"iterators","R_DISABLE_BYTECODE","0"
"iterators","R_ENABLE_JIT","0"
"iterators","R_KEEP_PKG_SOURCE","yes"
"iterators","RDT_TRACE_END_DATE","Mon Aug 21 20:28:26 2017"
"iterators","RDT_TRACE_END_TIME","1503340106"
"iterators","RDT_TRACE_START_DATE","Mon Aug 21 20:28:26 2017"
"iterators","RDT_TRACE_START_TIME","1503340106"
"jsonlite","RDT_COMPILE_VIGNETTE","true"
"jsonlite","RDT_TRACE_START_DATE","Mon Aug 21 19:00:48 2017"
"jsonlite","RDT_TRACE_START_TIME","1503334848"
"jsonlite","R_COMPILE_PKGS","1"
"jsonlite","R_DISABLE_BYTECODE","0"
"jsonlite","R_ENABLE_JIT","0"
"jsonlite","R_KEEP_PKG_SOURCE","yes"
"jsonlite","RDT_TRACE_END_DATE","Mon Aug 21 19:00:49 2017"
"jsonlite","RDT_TRACE_END_TIME","1503334849"
"jsonlite","RDT_TRACE_START_DATE","Mon Aug 21 19:00:49 2017"
"jsonlite","RDT_TRACE_START_TIME","1503334849"
"jsonlite","RDT_TRACE_END_DATE","Mon Aug 21 19:00:50 2017"
"jsonlite","RDT_TRACE_END_TIME","1503334850"
"jsonlite","RDT_TRACE_START_DATE","Mon Aug 21 19:00:50 2017"
"jsonlite","RDT_TRACE_START_TIME","1503334850"
"jsonlite","RDT_TRACE_END_DATE","Mon Aug 21 19:01:03 2017"
"jsonlite","RDT_TRACE_END_TIME","1503334863"
"jsonlite","RDT_TRACE_START_DATE","Mon Aug 21 19:01:03 2017"
"jsonlite","RDT_TRACE_START_TIME","1503334863"
"knitr","RDT_COMPILE_VIGNETTE","true"
"knitr","RDT_TRACE_START_DATE","Mon Aug 21 19:15:31 2017"
"knitr","RDT_TRACE_START_TIME","1503335731"
"knitr","R_COMPILE_PKGS","1"
"knitr","R_DISABLE_BYTECODE","0"
"knitr","R_ENABLE_JIT","0"
"knitr","R_KEEP_PKG_SOURCE","yes"
"knitr","RDT_TRACE_END_DATE","Mon Aug 21 19:15:38 2017"
"knitr","RDT_TRACE_END_TIME","1503335738"
"knitr","RDT_TRACE_START_DATE","Mon Aug 21 19:15:38 2017"
"knitr","RDT_TRACE_START_TIME","1503335738"
"knitr","RDT_TRACE_END_DATE","Mon Aug 21 19:15:43 2017"
"knitr","RDT_TRACE_END_TIME","1503335743"
"lazyeval","RDT_COMPILE_VIGNETTE","true"
"lazyeval","RDT_TRACE_START_DATE","Mon Aug 21 19:08:41 2017"
"lazyeval","RDT_TRACE_START_TIME","1503335321"
"lazyeval","R_COMPILE_PKGS","1"
"lazyeval","R_DISABLE_BYTECODE","0"
"lazyeval","R_ENABLE_JIT","0"
"lazyeval","R_KEEP_PKG_SOURCE","yes"
"lazyeval","RDT_TRACE_END_DATE","Mon Aug 21 19:08:46 2017"
"lazyeval","RDT_TRACE_END_TIME","1503335326"
"lazyeval","RDT_TRACE_START_DATE","Mon Aug 21 19:08:46 2017"
"lazyeval","RDT_TRACE_START_TIME","1503335326"
"lazyeval","RDT_TRACE_END_DATE","Mon Aug 21 19:08:49 2017"
"lazyeval","RDT_TRACE_END_TIME","1503335329"
"lme4","RDT_COMPILE_VIGNETTE","true"
"lme4","RDT_TRACE_START_DATE","Mon Aug 21 20:06:59 2017"
"lme4","RDT_TRACE_START_TIME","1503338819"
"lme4","R_COMPILE_PKGS","1"
"lme4","R_DISABLE_BYTECODE","0"
"lme4","R_ENABLE_JIT","0"
"lme4","R_KEEP_PKG_SOURCE","yes"
"lme4","RDT_TRACE_END_DATE","Mon Aug 21 20:07:00 2017"
"lme4","RDT_TRACE_END_TIME","1503338820"
"lme4","RDT_TRACE_START_DATE","Mon Aug 21 20:07:00 2017"
"lme4","RDT_TRACE_START_TIME","1503338820"
"lme4","RDT_TRACE_END_DATE","Mon Aug 21 20:07:01 2017"
"lme4","RDT_TRACE_END_TIME","1503338821"
"lme4","RDT_TRACE_START_DATE","Mon Aug 21 20:07:01 2017"
"lme4","RDT_TRACE_START_TIME","1503338821"
"lmtest","RDT_COMPILE_VIGNETTE","true"
"lmtest","R_COMPILE_PKGS","1"
"lmtest","R_DISABLE_BYTECODE","0"
"lmtest","R_ENABLE_JIT","0"
"lmtest","R_KEEP_PKG_SOURCE","yes"
"lubridate","RDT_COMPILE_VIGNETTE","true"
"lubridate","RDT_TRACE_START_DATE","Mon Aug 21 20:07:28 2017"
"lubridate","RDT_TRACE_START_TIME","1503338848"
"lubridate","R_COMPILE_PKGS","1"
"lubridate","R_DISABLE_BYTECODE","0"
"lubridate","R_ENABLE_JIT","0"
"lubridate","R_KEEP_PKG_SOURCE","yes"
"lubridate","RDT_TRACE_END_DATE","Mon Aug 21 20:08:50 2017"
"lubridate","RDT_TRACE_END_TIME","1503338930"
"magrittr","RDT_COMPILE_VIGNETTE","true"
"magrittr","RDT_TRACE_START_DATE","Mon Aug 21 19:09:00 2017"
"magrittr","RDT_TRACE_START_TIME","1503335340"
"magrittr","R_COMPILE_PKGS","1"
"magrittr","R_DISABLE_BYTECODE","0"
"magrittr","R_ENABLE_JIT","0"
"magrittr","R_KEEP_PKG_SOURCE","yes"
"magrittr","RDT_TRACE_END_DATE","Mon Aug 21 19:09:10 2017"
"magrittr","RDT_TRACE_END_TIME","1503335350"
"markdown","RDT_COMPILE_VIGNETTE","true"
"markdown","RDT_TRACE_START_DATE","Mon Aug 21 19:17:10 2017"
"markdown","RDT_TRACE_START_TIME","1503335830"
"markdown","R_COMPILE_PKGS","1"
"markdown","R_DISABLE_BYTECODE","0"
"markdown","R_ENABLE_JIT","0"
"markdown","R_KEEP_PKG_SOURCE","yes"
"markdown","RDT_TRACE_END_DATE","Mon Aug 21 19:17:17 2017"
"markdown","RDT_TRACE_END_TIME","1503335837"
"markdown","RDT_TRACE_START_DATE","Mon Aug 21 19:17:17 2017"
"markdown","RDT_TRACE_START_TIME","1503335837"
"markdown","RDT_TRACE_END_DATE","Mon Aug 21 19:17:18 2017"
"markdown","RDT_TRACE_END_TIME","1503335838"
"mvtnorm","RDT_COMPILE_VIGNETTE","true"
"mvtnorm","RDT_TRACE_START_DATE","Tue Aug 22 01:33:03 2017"
"mvtnorm","RDT_TRACE_START_TIME","1503358383"
"mvtnorm","R_COMPILE_PKGS","1"
"mvtnorm","R_DISABLE_BYTECODE","0"
"mvtnorm","R_ENABLE_JIT","0"
"mvtnorm","R_KEEP_PKG_SOURCE","yes"
"mvtnorm","RDT_TRACE_END_DATE","Tue Aug 22 01:33:44 2017"
"mvtnorm","RDT_TRACE_END_TIME","1503358424"
"nloptr","RDT_COMPILE_VIGNETTE","true"
"nloptr","RDT_TRACE_START_DATE","Mon Aug 21 22:55:21 2017"
"nloptr","RDT_TRACE_START_TIME","1503348921"
"nloptr","R_COMPILE_PKGS","1"
"nloptr","R_DISABLE_BYTECODE","0"
"nloptr","R_ENABLE_JIT","0"
"nloptr","R_KEEP_PKG_SOURCE","yes"
"nloptr","RDT_TRACE_END_DATE","Mon Aug 21 22:55:29 2017"
"nloptr","RDT_TRACE_END_TIME","1503348929"
"pbkrtest","RDT_COMPILE_VIGNETTE","true"
"pbkrtest","RDT_TRACE_START_DATE","Mon Aug 21 22:55:59 2017"
"pbkrtest","RDT_TRACE_START_TIME","1503348959"
"pbkrtest","R_COMPILE_PKGS","1"
"pbkrtest","R_DISABLE_BYTECODE","0"
"pbkrtest","R_ENABLE_JIT","0"
"pbkrtest","R_KEEP_PKG_SOURCE","yes"
"pbkrtest","RDT_TRACE_END_DATE","Tue Aug 22 01:27:10 2017"
"pbkrtest","RDT_TRACE_END_TIME","1503358030"
"proto","RDT_COMPILE_VIGNETTE","true"
"proto","R_COMPILE_PKGS","1"
"proto","R_DISABLE_BYTECODE","0"
"proto","R_ENABLE_JIT","0"
"proto","R_KEEP_PKG_SOURCE","yes"
"psych","RDT_COMPILE_VIGNETTE","true"
"psych","RDT_TRACE_START_DATE","Mon Aug 21 21:18:25 2017"
"psych","RDT_TRACE_START_TIME","1503343105"
"psych","R_COMPILE_PKGS","1"
"psych","R_DISABLE_BYTECODE","0"
"psych","R_ENABLE_JIT","0"
"psych","R_KEEP_PKG_SOURCE","yes"
"psych","RDT_TRACE_END_DATE","Mon Aug 21 21:31:29 2017"
"psych","RDT_TRACE_END_TIME","1503343889"
"psych","RDT_TRACE_START_DATE","Mon Aug 21 21:31:34 2017"
"psych","RDT_TRACE_START_TIME","1503343894"
"psych","RDT_TRACE_END_DATE","Mon Aug 21 21:36:56 2017"
"psych","RDT_TRACE_END_TIME","1503344216"
"psych","RDT_TRACE_START_DATE","Mon Aug 21 21:36:56 2017"
"psych","RDT_TRACE_START_TIME","1503344216"
"psych","RDT_TRACE_END_DATE","Mon Aug 21 22:55:07 2017"
"psych","RDT_TRACE_END_TIME","1503348907"
"purrr","RDT_COMPILE_VIGNETTE","true"
"purrr","RDT_TRACE_START_DATE","Mon Aug 21 20:51:14 2017"
"purrr","RDT_TRACE_START_TIME","1503341474"
"purrr","R_COMPILE_PKGS","1"
"purrr","R_DISABLE_BYTECODE","0"
"purrr","R_ENABLE_JIT","0"
"purrr","R_KEEP_PKG_SOURCE","yes"
"purrr","RDT_TRACE_END_DATE","Mon Aug 21 20:51:15 2017"
"purrr","RDT_TRACE_END_TIME","1503341475"
"quantreg","RDT_COMPILE_VIGNETTE","true"
"quantreg","RDT_TRACE_START_DATE","Mon Aug 21 20:22:32 2017"
"quantreg","RDT_TRACE_START_TIME","1503339752"
"quantreg","R_COMPILE_PKGS","1"
"quantreg","R_DISABLE_BYTECODE","0"
"quantreg","R_ENABLE_JIT","0"
"quantreg","R_KEEP_PKG_SOURCE","yes"
"quantreg","RDT_TRACE_END_DATE","Mon Aug 21 20:28:17 2017"
"quantreg","RDT_TRACE_END_TIME","1503340097"
"R6","RDT_COMPILE_VIGNETTE","true"
"R6","RDT_TRACE_START_DATE","Mon Aug 21 18:48:13 2017"
"R6","RDT_TRACE_START_TIME","1503334093"
"R6","R_COMPILE_PKGS","1"
"R6","R_DISABLE_BYTECODE","0"
"R6","R_ENABLE_JIT","0"
"R6","R_KEEP_PKG_SOURCE","yes"
"R6","RDT_TRACE_END_DATE","Mon Aug 21 18:48:16 2017"
"R6","RDT_TRACE_END_TIME","1503334096"
"R6","RDT_TRACE_START_DATE","Mon Aug 21 18:48:16 2017"
"R6","RDT_TRACE_START_TIME","1503334096"
"R6","RDT_TRACE_END_DATE","Mon Aug 21 18:48:34 2017"
"R6","RDT_TRACE_END_TIME","1503334114"
"R6","RDT_TRACE_START_DATE","Mon Aug 21 18:48:35 2017"
"R6","RDT_TRACE_START_TIME","1503334115"
"R6","RDT_TRACE_END_DATE","Mon Aug 21 18:48:36 2017"
"R6","RDT_TRACE_END_TIME","1503334116"
"R6","RDT_TRACE_START_DATE","Mon Aug 21 18:48:36 2017"
"R6","RDT_TRACE_START_TIME","1503334116"
"R6","RDT_TRACE_END_DATE","Mon Aug 21 18:56:35 2017"
"R6","RDT_TRACE_END_TIME","1503334595"
"RcppArmadillo","RDT_COMPILE_VIGNETTE","true"
"RcppArmadillo","RDT_TRACE_START_DATE","Mon Aug 21 20:09:38 2017"
"RcppArmadillo","RDT_TRACE_START_TIME","1503338978"
"RcppArmadillo","R_COMPILE_PKGS","1"
"RcppArmadillo","R_DISABLE_BYTECODE","0"
"RcppArmadillo","R_ENABLE_JIT","0"
"RcppArmadillo","R_KEEP_PKG_SOURCE","yes"
"RcppArmadillo","RDT_TRACE_END_DATE","Mon Aug 21 20:09:39 2017"
"RcppArmadillo","RDT_TRACE_END_TIME","1503338979"
"RcppArmadillo","RDT_TRACE_START_DATE","Mon Aug 21 20:09:39 2017"
"RcppArmadillo","RDT_TRACE_START_TIME","1503338979"
"RcppArmadillo","RDT_TRACE_END_DATE","Mon Aug 21 20:21:33 2017"
"RcppArmadillo","RDT_TRACE_END_TIME","1503339693"
"RcppEigen","RDT_COMPILE_VIGNETTE","true"
"RcppEigen","RDT_TRACE_START_DATE","Mon Aug 21 20:07:06 2017"
"RcppEigen","RDT_TRACE_START_TIME","1503338826"
"RcppEigen","R_COMPILE_PKGS","1"
"RcppEigen","R_DISABLE_BYTECODE","0"
"RcppEigen","R_ENABLE_JIT","0"
"RcppEigen","R_KEEP_PKG_SOURCE","yes"
"RcppEigen","RDT_TRACE_END_DATE","Mon Aug 21 20:07:07 2017"
"RcppEigen","RDT_TRACE_END_TIME","1503338827"
"Rcpp","RDT_COMPILE_VIGNETTE","true"
"Rcpp","RDT_TRACE_START_DATE","Mon Aug 21 18:56:42 2017"
"Rcpp","RDT_TRACE_START_TIME","1503334602"
"Rcpp","R_COMPILE_PKGS","1"
"Rcpp","R_DISABLE_BYTECODE","0"
"Rcpp","R_ENABLE_JIT","0"
"Rcpp","R_KEEP_PKG_SOURCE","yes"
"Rcpp","RDT_TRACE_END_DATE","Mon Aug 21 18:56:43 2017"
"Rcpp","RDT_TRACE_END_TIME","1503334603"
"Rcpp","RDT_TRACE_START_DATE","Mon Aug 21 18:56:43 2017"
"Rcpp","RDT_TRACE_START_TIME","1503334603"
"Rcpp","RDT_TRACE_END_DATE","Mon Aug 21 18:59:24 2017"
"Rcpp","RDT_TRACE_END_TIME","1503334764"
"Rcpp","RDT_TRACE_START_DATE","Mon Aug 21 18:59:24 2017"
"Rcpp","RDT_TRACE_START_TIME","1503334764"
"Rcpp","RDT_TRACE_END_DATE","Mon Aug 21 19:00:21 2017"
"Rcpp","RDT_TRACE_END_TIME","1503334821"
"Rcpp","RDT_TRACE_START_DATE","Mon Aug 21 19:00:22 2017"
"Rcpp","RDT_TRACE_START_TIME","1503334822"
"Rcpp","RDT_TRACE_END_DATE","Mon Aug 21 19:00:22 2017"
"Rcpp","RDT_TRACE_END_TIME","1503334822"
"Rcpp","RDT_TRACE_END_DATE","Mon Aug 21 19:00:23 2017"
"Rcpp","RDT_TRACE_END_TIME","1503334823"
"Rcpp","RDT_TRACE_START_DATE","Mon Aug 21 19:00:23 2017"
"Rcpp","RDT_TRACE_START_TIME","1503334823"
"Rcpp","RDT_TRACE_START_DATE","Mon Aug 21 19:00:24 2017"
"Rcpp","RDT_TRACE_START_TIME","1503334824"
"Rcpp","RDT_TRACE_END_DATE","Mon Aug 21 19:00:41 2017"
"Rcpp","RDT_TRACE_END_TIME","1503334841"
"readr","RDT_COMPILE_VIGNETTE","true"
"readr","RDT_TRACE_START_DATE","Mon Aug 21 19:17:23 2017"
"readr","RDT_TRACE_START_TIME","1503335843"
"readr","R_COMPILE_PKGS","1"
"readr","R_DISABLE_BYTECODE","0"
"readr","R_ENABLE_JIT","0"
"readr","R_KEEP_PKG_SOURCE","yes"
"readr","RDT_TRACE_END_DATE","Mon Aug 21 19:17:42 2017"
"readr","RDT_TRACE_END_TIME","1503335862"
"readr","RDT_TRACE_START_DATE","Mon Aug 21 19:17:42 2017"
"readr","RDT_TRACE_START_TIME","1503335862"
"readr","RDT_TRACE_END_DATE","Mon Aug 21 19:17:50 2017"
"readr","RDT_TRACE_END_TIME","1503335870"
"readxl","RDT_COMPILE_VIGNETTE","true"
"readxl","RDT_TRACE_START_DATE","Mon Aug 21 20:21:39 2017"
"readxl","RDT_TRACE_START_TIME","1503339699"
"readxl","R_COMPILE_PKGS","1"
"readxl","R_DISABLE_BYTECODE","0"
"readxl","R_ENABLE_JIT","0"
"readxl","R_KEEP_PKG_SOURCE","yes"
"readxl","RDT_TRACE_END_DATE","Mon Aug 21 20:22:10 2017"
"readxl","RDT_TRACE_END_TIME","1503339730"
"readxl","RDT_TRACE_START_DATE","Mon Aug 21 20:22:10 2017"
"readxl","RDT_TRACE_START_TIME","1503339730"
"readxl","RDT_TRACE_END_DATE","Mon Aug 21 20:22:26 2017"
"readxl","RDT_TRACE_END_TIME","1503339746"
"rivr","RDT_COMPILE_VIGNETTE","true"
"rivr","R_COMPILE_PKGS","1"
"rivr","R_DISABLE_BYTECODE","0"
"rivr","R_ENABLE_JIT","0"
"rivr","R_KEEP_PKG_SOURCE","yes"
"rlang","RDT_COMPILE_VIGNETTE","true"
"rlang","RDT_TRACE_START_DATE","Mon Aug 21 19:07:46 2017"
"rlang","RDT_TRACE_START_TIME","1503335266"
"rlang","R_COMPILE_PKGS","1"
"rlang","R_DISABLE_BYTECODE","0"
"rlang","R_ENABLE_JIT","0"
"rlang","R_KEEP_PKG_SOURCE","yes"
"rlang","RDT_TRACE_END_DATE","Mon Aug 21 19:07:50 2017"
"rlang","RDT_TRACE_END_TIME","1503335270"
"rprojroot","RDT_COMPILE_VIGNETTE","true"
"rprojroot","RDT_TRACE_START_DATE","Mon Aug 21 20:07:12 2017"
"rprojroot","RDT_TRACE_START_TIME","1503338832"
"rprojroot","R_COMPILE_PKGS","1"
"rprojroot","R_DISABLE_BYTECODE","0"
"rprojroot","R_ENABLE_JIT","0"
"rprojroot","R_KEEP_PKG_SOURCE","yes"
"rprojroot","RDT_TRACE_END_DATE","Mon Aug 21 20:07:14 2017"
"rprojroot","RDT_TRACE_END_TIME","1503338834"
"RSQLite","RDT_COMPILE_VIGNETTE","true"
"RSQLite","RDT_TRACE_START_DATE","Mon Aug 21 20:28:31 2017"
"RSQLite","RDT_TRACE_START_TIME","1503340111"
"RSQLite","R_COMPILE_PKGS","1"
"RSQLite","R_DISABLE_BYTECODE","0"
"RSQLite","R_ENABLE_JIT","0"
"RSQLite","R_KEEP_PKG_SOURCE","yes"
"RSQLite","RDT_TRACE_END_DATE","Mon Aug 21 20:29:36 2017"
"RSQLite","RDT_TRACE_END_TIME","1503340176"
"Sleuth3","RDT_COMPILE_VIGNETTE","true"
"Sleuth3","R_COMPILE_PKGS","1"
"Sleuth3","R_DISABLE_BYTECODE","0"
"Sleuth3","R_ENABLE_JIT","0"
"Sleuth3","R_KEEP_PKG_SOURCE","yes"
"SparseM","RDT_COMPILE_VIGNETTE","true"
"SparseM","RDT_TRACE_START_DATE","Mon Aug 21 20:08:56 2017"
"SparseM","RDT_TRACE_START_TIME","1503338936"
"SparseM","R_COMPILE_PKGS","1"
"SparseM","R_DISABLE_BYTECODE","0"
"SparseM","R_ENABLE_JIT","0"
"SparseM","R_KEEP_PKG_SOURCE","yes"
"SparseM","RDT_TRACE_END_DATE","Mon Aug 21 20:09:33 2017"
"SparseM","RDT_TRACE_END_TIME","1503338973"
"sp","RDT_COMPILE_VIGNETTE","true"
"sp","RDT_TRACE_START_DATE","Mon Aug 21 20:51:26 2017"
"sp","RDT_TRACE_START_TIME","1503341486"
"sp","R_COMPILE_PKGS","1"
"sp","R_DISABLE_BYTECODE","0"
"sp","R_ENABLE_JIT","0"
"sp","R_KEEP_PKG_SOURCE","yes"
"sp","RDT_TRACE_END_DATE","Mon Aug 21 21:07:34 2017"
"sp","RDT_TRACE_END_TIME","1503342454"
"sp","RDT_TRACE_START_DATE","Mon Aug 21 21:07:34 2017"
"sp","RDT_TRACE_START_TIME","1503342454"
"sp","RDT_TRACE_END_DATE","Mon Aug 21 21:08:40 2017"
"sp","RDT_TRACE_END_TIME","1503342520"
"sp","RDT_TRACE_START_DATE","Mon Aug 21 21:08:41 2017"
"sp","RDT_TRACE_START_TIME","1503342521"
"sp","RDT_TRACE_END_DATE","Mon Aug 21 21:17:51 2017"
"sp","RDT_TRACE_END_TIME","1503343071"
"stringr","RDT_COMPILE_VIGNETTE","true"
"stringr","RDT_TRACE_START_DATE","Mon Aug 21 19:07:55 2017"
"stringr","RDT_TRACE_START_TIME","1503335275"
"stringr","R_COMPILE_PKGS","1"
"stringr","R_DISABLE_BYTECODE","0"
"stringr","R_ENABLE_JIT","0"
"stringr","R_KEEP_PKG_SOURCE","yes"
"stringr","RDT_TRACE_END_DATE","Mon Aug 21 19:08:00 2017"
"stringr","RDT_TRACE_END_TIME","1503335280"
"stringr","RDT_TRACE_START_DATE","Mon Aug 21 19:08:00 2017"
"stringr","RDT_TRACE_START_TIME","1503335280"
"tibble","RDT_COMPILE_VIGNETTE","true"
"tibble","RDT_TRACE_START_DATE","Mon Aug 21 19:01:26 2017"
"tibble","RDT_TRACE_START_TIME","1503334886"
"tibble","R_COMPILE_PKGS","1"
"tibble","R_DISABLE_BYTECODE","0"
"tibble","R_ENABLE_JIT","0"
"tibble","R_KEEP_PKG_SOURCE","yes"
"tibble","RDT_TRACE_END_DATE","Mon Aug 21 19:01:34 2017"
"tibble","RDT_TRACE_END_TIME","1503334894"
"tibble","RDT_TRACE_START_DATE","Mon Aug 21 19:01:34 2017"
"tibble","RDT_TRACE_START_TIME","1503334894"
"tibble","RDT_TRACE_END_DATE","Mon Aug 21 19:01:49 2017"
"tibble","RDT_TRACE_END_TIME","1503334909"
"tidyr","RDT_COMPILE_VIGNETTE","true"
"tidyr","RDT_TRACE_START_DATE","Mon Aug 21 19:31:24 2017"
"tidyr","RDT_TRACE_START_TIME","1503336684"
"tidyr","R_COMPILE_PKGS","1"
"tidyr","R_DISABLE_BYTECODE","0"
"tidyr","R_ENABLE_JIT","0"
"tidyr","R_KEEP_PKG_SOURCE","yes"
"tidyr","RDT_TRACE_END_DATE","Mon Aug 21 19:31:27 2017"
"tidyr","RDT_TRACE_END_TIME","1503336687"
"vcd","RDT_COMPILE_VIGNETTE","true"
"vcd","R_COMPILE_PKGS","1"
"vcd","R_DISABLE_BYTECODE","0"
"vcd","R_ENABLE_JIT","0"
"vcd","R_KEEP_PKG_SOURCE","yes"
"viridis","RDT_COMPILE_VIGNETTE","true"
"viridis","RDT_TRACE_START_DATE","Mon Aug 21 20:35:48 2017"
"viridis","RDT_TRACE_START_TIME","1503340548"
"viridis","R_COMPILE_PKGS","1"
"viridis","R_DISABLE_BYTECODE","0"
"viridis","R_ENABLE_JIT","0"
"viridis","R_KEEP_PKG_SOURCE","yes"
"viridis","RDT_TRACE_END_DATE","Mon Aug 21 20:45:27 2017"
"viridis","RDT_TRACE_END_TIME","1503341127"
"xml2","RDT_COMPILE_VIGNETTE","true"
"xml2","RDT_TRACE_START_DATE","Tue Aug 22 01:34:33 2017"
"xml2","RDT_TRACE_START_TIME","1503358473"
"xml2","R_COMPILE_PKGS","1"
"xml2","R_DISABLE_BYTECODE","0"
"xml2","R_ENABLE_JIT","0"
"xml2","R_KEEP_PKG_SOURCE","yes"
"xml2","RDT_TRACE_END_DATE","Tue Aug 22 01:34:41 2017"
"xml2","RDT_TRACE_END_TIME","1503358481"
"xtable","RDT_COMPILE_VIGNETTE","true"
"xtable","RDT_TRACE_START_DATE","Mon Aug 21 19:31:42 2017"
"xtable","RDT_TRACE_START_TIME","1503336702"
"xtable","R_COMPILE_PKGS","1"
"xtable","R_DISABLE_BYTECODE","0"
"xtable","R_ENABLE_JIT","0"
"xtable","R_KEEP_PKG_SOURCE","yes"
"xtable","RDT_TRACE_END_DATE","Mon Aug 21 19:32:22 2017"
"xtable","RDT_TRACE_END_TIME","1503336742"
"xtable","RDT_TRACE_START_DATE","Mon Aug 21 19:32:22 2017"
"xtable","RDT_TRACE_START_TIME","1503336742"
"xtable","RDT_TRACE_END_DATE","Mon Aug 21 19:48:52 2017"
"xtable","RDT_TRACE_END_TIME","1503337732"
"xtable","RDT_TRACE_START_DATE","Mon Aug 21 19:48:53 2017"
"xtable","RDT_TRACE_START_TIME","1503337733"
"xtable","RDT_TRACE_END_DATE","Mon Aug 21 19:50:57 2017"
"xtable","RDT_TRACE_END_TIME","1503337857"
"xtable","RDT_TRACE_START_DATE","Mon Aug 21 19:50:58 2017"
"xtable","RDT_TRACE_START_TIME","1503337858"
"xtable","RDT_TRACE_END_DATE","Mon Aug 21 19:50:59 2017"
"xtable","RDT_TRACE_END_TIME","1503337859"
"xts","RDT_COMPILE_VIGNETTE","true"
"xts","RDT_TRACE_START_DATE","Tue Aug 22 01:33:54 2017"
"xts","RDT_TRACE_START_TIME","1503358434"
"xts","R_COMPILE_PKGS","1"
"xts","R_DISABLE_BYTECODE","0"
"xts","R_ENABLE_JIT","0"
"xts","R_KEEP_PKG_SOURCE","yes"
"xts","RDT_TRACE_END_DATE","Tue Aug 22 01:34:23 2017"
"xts","RDT_TRACE_END_TIME","1503358463"
"xts","RDT_TRACE_START_DATE","Tue Aug 22 01:34:24 2017"
"xts","RDT_TRACE_START_TIME","1503358464"
"xts","RDT_TRACE_END_DATE","Mon Aug 21 23:34:27 2017"
"xts","RDT_TRACE_END_TIME","1503358467"
"zoo","RDT_COMPILE_VIGNETTE","true"
"zoo","RDT_TRACE_START_DATE","Mon Aug 21 19:51:09 2017"
"zoo","RDT_TRACE_START_TIME","1503337869"
"zoo","R_COMPILE_PKGS","1"
"zoo","R_DISABLE_BYTECODE","0"
"zoo","R_ENABLE_JIT","0"
"zoo","R_KEEP_PKG_SOURCE","yes"
"zoo","RDT_TRACE_END_DATE","Mon Aug 21 17:51:39 2017"
"zoo","RDT_TRACE_END_TIME","1503337899"
"zoo","RDT_TRACE_START_DATE","Mon Aug 21 17:51:39 2017"
"zoo","RDT_TRACE_START_TIME","1503337899"
"zoo","RDT_TRACE_END_DATE","Mon Aug 21 17:53:07 2017"
"zoo","RDT_TRACE_END_TIME","1503337987"
"zoo","RDT_TRACE_START_DATE","Mon Aug 21 17:53:08 2017"
"zoo","RDT_TRACE_START_TIME","1503337988"
"zoo","RDT_TRACE_END_DATE","Mon Aug 21 17:53:08 2017"
"zoo","RDT_TRACE_END_TIME","1503337988"
"zoo","RDT_TRACE_END_DATE","Mon Aug 21 17:55:39 2017"
"zoo","RDT_TRACE_END_TIME","1503338139"
"zoo","RDT_TRACE_START_DATE","Mon Aug 21 17:55:39 2017"
"zoo","RDT_TRACE_START_TIME","1503338139"
"zoo","RDT_TRACE_END_DATE","Mon Aug 21 17:55:40 2017"
"zoo","RDT_TRACE_END_TIME","1503338140"
